header_name,price,price_per_m2
Fajne mieszkanie ul Górnicza 41 + prywatny garaz,510000,9808
"Mieszkanie Gdynia Witomino, z widokiem na morze",459000,9978
2-pokojowe mieszkanie 48m2 + balkon Bezpośrednio,549783,11430
Mieszkanie 2 pok bardzo dobra lokalizacja Sokółka,485000,11023
Mieszkanie 2 pok.Gdynia Redłowo/Centrum ul.BOH.STA,599000,11925
Seaport live in Gdynia Twoje nowe mieszkanie,577000,15105
Seaport live in Gdynia Twoje nowe mieszkanie,555000,15000
Mieszkanie Gdynia Oksywie 3 pokoje parter piwnica,449000,9825
Nowe wykończone pod klucz- Gdynia,499000,14785
"Gdynia Wielki Kack Fikakowo-2pokoje, balkon",515000,12410
"Miaszkanie, Gdynia Obłuże 40,6m^2",495000,12192
Mieszkanie 3 Pokojowe Po Generalnym Remoncie,535000,11630
"Po remoncie generalnym, ładny widok",599000,16524
Mała Chylońska | mieszkanie A.1.9,N/A,N/A
Kawalerka z widokiem na morze w centrum Gdyni,560000,20741
Gdynia Grabówek kawalerka | zamknięte osiedle,330000,11186
Mieszkanie 2 pok. z możliwością pozostawienia wypo,519000,8621
Mieszkanie 2 pok. + Miejsce Postojowe + Piwnica,500000,9960
Kawalerka z widokiem na morze. Po remoncie.,545000,18793
Fajne mieszkanie ul Górnicza 41 + prywatny garaz,510000,9808
Sprzedam bezpośrednio. 3 pok. Piękny widok. Las.,549000,11681
Nowe gotowe mieszkanie blisko Skm i Uniwersytetu,389000,14791
Mieszkanie 2 pokoje - świetna lokalizacja,425000,10143
"Klimatyczne , po generealnym remoncie - 2 pokoje",419000,14349
"Duży metraż, zaaranżujcie jak Wam się podoba !",549000,9150
"5 km od Centrum ,dwa pokoje, idealne pierwsze M",455000,10691
Okazja! 2 Pok | Chylonia | Skm | Spółdzielcze,419000,10969
Słoneczne 2 pokojowe mieszkanie dostępne od zaraz!,480000,10480
Kawalerka Do Zamieszkania-Bez Nakładów Finansowych,420000,13690
Do Zamieszkania W Pogórzu Z Fantastycznym Widokiem,419000,12853
Syndyk sprzeda ½ udziału w lokalu mieszkalnym,216000,4854
Mieszkanie w centrum Gdyni do własnej aranżacji,540000,11285
Centrum - 2 Pokoje Gdynia Śródmieście,599000,17342
Syndyk sprzeda ½ udziału w lokalu mieszkalnym,216000,4854
"Słoneczne mieszkanie, blisko lasu, Gdynia-Witomino",419000,13874
"Dwupokojowe po remoncie, z windą",467000,12080
Rezerwacja!,395000,14107
Sprzedam bezpośrednio. 2 pok. Generalny remont.,469000,12676
328685,445000,11867
